,method,nb_batch,avg_time_iter,top10
0,SpMV,1.0,8.240947771072388,"[ 327608   49559    4362   49566    1935  237523    1973  242622 2668156
    4692]"
1,SpMV,2.000000028988124,7.785283184051513,"[ 327608   49559    4362   49566    1935  237523    1973  242622 2668156
    4692]"
2,SpMV,10.00000043482187,8.202016305923461,"[ 327608   49559    4362   49566    1935  237523    1973  242622 2668156
    4692]"
3,SpMV,100.00010580676206,16.311236810684203,"[ 327608   49559    4362   49566    1935  237523    1973  242622 2668156
    4692]"
4,skn,1,1.3153483867645264,[327608   1935   1973  49559   4362   4692 242622  49566    254  25064]
